<?xml version="1.0" encoding="UTF-8"?>
<weblogic-web-app xmlns="http://www.bea.com/ns/weblogic/weblogic-web-app">

	<container-descriptor>
		
		<prefer-application-packages>
			<package-name>antlr.*</package-name>
			<package-name>org.hibernate.*</package-name>
			<package-name>javax.persistence.*</package-name>
			<package-name>org.apache.common.*</package-name>
			
		</prefer-application-packages>
	</container-descriptor>
    <context-root>/appconsoleWeb</context-root>
</weblogic-web-app>