<?xml version="1.0" encoding="UTF-8"?>
	<beans xmlns="http://www.springframework.org/schema/beans"
	    xmlns:xsi="http://www.w3.org/2001/XMLSchema-instance"
	    xmlns:mvc="http://www.springframework.org/schema/mvc"
	    xmlns:tx="http://www.springframework.org/schema/tx"
		xmlns:aop="http://www.springframework.org/schema/aop"
	    xmlns:context="http://www.springframework.org/schema/context"
	    xmlns:p="http://www.springframework.org/schema/p"
	    
	    xsi:schemaLocation="
	        http://www.springframework.org/schema/mvc http://www.springframework.org/schema/mvc/spring-mvc-3.2.xsd
	        http://www.springframework.org/schema/beans http://www.springframework.org/schema/beans/spring-beans-3.2.xsd
	        http://www.springframework.org/schema/context http://www.springframework.org/schema/context/spring-context-3.2.xsd
	        http://www.springframework.org/schema/tx http://www.springframework.org/schema/tx/spring-tx-3.2.xsd
			http://www.springframework.org/schema/aop http://www.springframework.org/schema/aop/spring-aop-3.2.xsd
			"
	    >
    	
  	<!-- 工作流配置 -->
  <bean id="processEngineConfiguration" class="org.activiti.spring.SpringProcessEngineConfiguration">
    <property name="dataSource" ref="dataSource" />
    <property name="transactionManager" ref="transactionManager" />
    <property name="databaseSchemaUpdate" value="true" />
    <property name="jobExecutorActivate" value="false" />
    <property name="history" value="full" />
  </bean>
  
  <bean id="processEngine" class="org.activiti.spring.ProcessEngineFactoryBean">
    <property name="processEngineConfiguration" ref="processEngineConfiguration" />
  </bean>
  
  <bean id="repositoryService" factory-bean="processEngine" factory-method="getRepositoryService" />
  <bean id="runtimeService" factory-bean="processEngine" factory-method="getRuntimeService" />
  <bean id="taskService" factory-bean="processEngine" factory-method="getTaskService" />
  <bean id="formService" name="activitiFormService" factory-bean="processEngine" factory-method="getFormService" />
  <bean id="historyService" factory-bean="processEngine" factory-method="getHistoryService" />
  <bean id="managementService" factory-bean="processEngine" factory-method="getManagementService" />
  <bean id="identityService" factory-bean="processEngine" factory-method="getIdentityService" />
</beans>
