<?xml version="1.0" encoding="UTF-8"?>
<beans xmlns="http://www.springframework.org/schema/beans"
	xmlns:xsi="http://www.w3.org/2001/XMLSchema-instance" xmlns:mvc="http://www.springframework.org/schema/mvc"
	xmlns:tx="http://www.springframework.org/schema/tx" xmlns:aop="http://www.springframework.org/schema/aop"
	xmlns:context="http://www.springframework.org/schema/context"
	xsi:schemaLocation="
	        http://www.springframework.org/schema/mvc http://www.springframework.org/schema/mvc/spring-mvc-3.2.xsd
	        http://www.springframework.org/schema/beans http://www.springframework.org/schema/beans/spring-beans-3.2.xsd
	        http://www.springframework.org/schema/context http://www.springframework.org/schema/context/spring-context-3.2.xsd
	        http://www.springframework.org/schema/tx http://www.springframework.org/schema/tx/spring-tx-3.2.xsd
			http://www.springframework.org/schema/aop http://www.springframework.org/schema/aop/spring-aop-3.2.xsd">

	<context:annotation-config />
	<mvc:annotation-driven
		content-negotiation-manager="contentNegotiationManager">
	</mvc:annotation-driven>

	<context:component-scan base-package="cn.com.bpsc.ufp" />
	<aop:aspectj-autoproxy proxy-target-class="true" />
	<!-- 配置登录页必须放到第二个位置 -->
	<mvc:interceptors>
		<bean class="cn.com.bpsc.ufp.auth.interceptor.PrjAuthServiceInteterceptor">
			<property name="excludeUrlList">
				<list>
					<value>/index.htm</value>
					<value>/login/index.htm</value>
					<value>/login/login.htm</value>
					<value>/main.htm</value>
				</list>
			</property>
		</bean>
	<!-- 	<bean class="cn.com.bpsc.ufp.auth.interceptor.FuncAuthInterceptor" >
			<property name="excludeRolelList">
					<list>
						<value>superadmin</value>
					</list>
			</property>
			<property name="excludeUrlList">
						<list> 
								<value>/login/login.htm</value>
						</list>
				</property>
		</bean> -->
		<bean class="cn.com.bpsc.ufp.sys.interceptor.PageInterceptorServiceImpl" />
		<bean class="cn.com.bpsc.ufp.stat.interceptor.UserTrackInterceptor">
			<property name="enable">
				<value>false</value>
			</property>
		</bean>
	</mvc:interceptors>
	
	 <!-- 上传拦截，如最大上传值及最小上传值 -->  
     <bean id="multipartResolver"  
         class="org.springframework.web.multipart.commons.CommonsMultipartResolver">  
    </bean> 
	
	<!--

 	<bean id="conversionService" class="org.springframework.format.support.FormattingConversionServiceFactoryBean">
		<property name="converters">
			<list>
				<bean class="cn.com.bpsc.ufp.web.springmvc.DateConvertor" />
			</list>
		</property>
	</bean>

	-->
	<bean id="contentNegotiationManager" class="org.springframework.web.accept.ContentNegotiationManagerFactoryBean">
		<property name="favorPathExtension" value="false" />
	</bean>

	<bean
		class="org.springframework.web.servlet.view.InternalResourceViewResolver">
		<property name="prefix" value="/WEB-INF/jsp/" />
		<property name="suffix" value=".jsp" />
	</bean>
	
	
	<bean class="org.springframework.web.servlet.view.ContentNegotiatingViewResolver"> 
       <property name="mediaTypes"> 
             <map> 
                 <!-- 告诉视图解析器，返回的类型为json格式 --> 
                 <entry key="json" value="application/json" /> 
            </map> 
         </property> 
     </bean> 
	
</beans>
