<?xml version="1.0" encoding="UTF-8"?>
	<beans xmlns="http://www.springframework.org/schema/beans"
	    xmlns:xsi="http://www.w3.org/2001/XMLSchema-instance"
	    xmlns:mvc="http://www.springframework.org/schema/mvc"
	    xmlns:tx="http://www.springframework.org/schema/tx"
		xmlns:aop="http://www.springframework.org/schema/aop"
	    xmlns:context="http://www.springframework.org/schema/context"
	    xmlns:p="http://www.springframework.org/schema/p"
	    
	    xsi:schemaLocation="
	        http://www.springframework.org/schema/mvc http://www.springframework.org/schema/mvc/spring-mvc-3.2.xsd
	        http://www.springframework.org/schema/beans http://www.springframework.org/schema/beans/spring-beans-3.2.xsd
	        http://www.springframework.org/schema/context http://www.springframework.org/schema/context/spring-context-3.2.xsd
	        http://www.springframework.org/schema/tx http://www.springframework.org/schema/tx/spring-tx-3.2.xsd
			http://www.springframework.org/schema/aop http://www.springframework.org/schema/aop/spring-aop-3.2.xsd
			"
	    >
    
	 <context:annotation-config />
	 <context:component-scan base-package="cn.com.bpsc.aqzs" />
	 <context:component-scan base-package="cn.com.bpsc.ufp" />
	 <context:component-scan base-package="cn.com.bpsc.demo" />
	 
	 <aop:aspectj-autoproxy proxy-target-class="true"/>

	 <context:property-placeholder location="classpath:/jdbc.properties" /> 
	
	<bean id="dataSource" class="com.mchange.v2.c3p0.ComboPooledDataSource"
		destroy-method="close">
		<property name="driverClass" value="${driverClassName}" />
		<property name="jdbcUrl" value="${url}" />
		<property name="user" value="ufp_demo" />
		<property name="password" value="Aa123456" />

		<property name="maxPoolSize" value="5"></property>
		<property name="minPoolSize" value="1"></property>
		<property name="initialPoolSize" value="1"></property>
		<property name="autoCommitOnClose" value="true"></property>
		<property name="checkoutTimeout" value="36000"></property>
		<property name="acquireIncrement" value="2"></property>
		<property name="maxIdleTime" value="600"></property>
		<property name="maxStatements" value="0"></property>
		<property name="maxStatementsPerConnection" value="0"></property>
	</bean>

	<bean id="sessionFactory" class="org.springframework.orm.hibernate4.LocalSessionFactoryBean">
		<property name="dataSource" ref="dataSource"></property>
		<property name="hibernateProperties">
			<props>
				<prop key="hibernate.dialect">org.hibernate.dialect.Oracle10gDialect</prop>
				<prop key="hibernate.show_sql">false</prop>
				<prop key="hibernate.format_sql">false</prop>
                <prop key="hibernate.jdbc.batch_size">10</prop>
                <prop key="hibernate.jdbc.fetch_size">3</prop>
                <prop key="hibernate.current_session_context_class">org.springframework.orm.hibernate4.SpringSessionContext</prop>
			</props>
		</property>
		<property name="packagesToScan">
			<list>
				<value>cn.com.bpsc.ufp.**.domain</value>
				<value>cn.com.bpsc.demo.**.domain</value>
			</list>
		</property>
	</bean>
	
	<bean id="jdbcTemplate" class="org.springframework.jdbc.core.JdbcTemplate">
		<property name="dataSource" ref="dataSource" />
	</bean>

	<bean id="transactionManager" class="org.springframework.orm.hibernate4.HibernateTransactionManager">
		<property name="sessionFactory" ref="sessionFactory"></property>
		<property name="dataSource" ref="dataSource" /> 
	</bean>
	
	<tx:advice id="txAdvice" transaction-manager="transactionManager">
		<tx:attributes>
		<!-- 
			<tx:method name="get*" read-only="true" />
			<tx:method name="query*" read-only="true" />
			<tx:method name="find*" read-only="true" />
 		-->			
			<tx:method name="*"  propagation="REQUIRED" />
		</tx:attributes>
	</tx:advice>
	
	<aop:config>
		<aop:pointcut expression="execution(public * cn.com.bpsc.ufp.**.biz..*Biz*.*(..))" id="ufpBizPointcut"/>
		<aop:advisor advice-ref="txAdvice" pointcut-ref="ufpBizPointcut"/>
	</aop:config>

	<aop:config>
		<aop:pointcut expression="execution(public * cn.com.bpsc.ufp.**.service..*Service*.*(..))" id="ufpServicePointcut"/>
		<aop:advisor advice-ref="txAdvice" pointcut-ref="ufpServicePointcut"/>
	</aop:config>
	
	<aop:config>
		<aop:pointcut expression="execution(public * cn.com.bpsc.demo.**.biz..*Biz*.*(..))" id="projectBizPointcut"/>
		<aop:advisor advice-ref="txAdvice" pointcut-ref="projectBizPointcut"/>
	</aop:config>
	
		<!-- 异常 -->
	<bean class="cn.com.bpsc.ufp.facade.service.ExceptionResolver">
			  <property name="exceptionMappings">
		    		<props>
		    			<prop key="cn.com.bpsc.ufp.core.exception.BusinessException">bizException</prop>
		    			<prop key="cn.com.bpsc.ufp.core.exception.SystemException">sysException</prop>
		    		</props>
		    	</property>
	</bean>
	<bean class="org.springframework.web.servlet.handler.SimpleMappingExceptionResolver">
		<property name="exceptionMappings">
    		<props>
    			<prop key="java.lang.Throwable">error</prop>
    		</props>
    	</property>
	</bean>
	<!-- 异常 -->
	
	<!--
	<bean id="exporter" class="org.springframework.jmx.export.MBeanExporter" lazy-init="false">
    <property name="beans">
      <map>
        <entry key="bean:name=testBean1" value-ref="testBean"/>
      </map>
    </property>
  </bean>

  <bean id="testBean" class="cn.com.bpsc.demo.test.jmx.JmxTestBean">
    <property name="name" value="TEST"/>
    <property name="age" value="100"/>
  </bean>                           
	-->
<!-- 
<bean id="serverConnector"
      class="org.springframework.jmx.support.ConnectorServerFactoryBean">
  <property name="objectName" value="connector:name=rmi"/>
  <property name="serviceUrl"
            value="service:jmx:rmi://localhost/jndi/rmi://localhost:1099/myconnector"/>
</bean>

<bean id="registry" class="org.springframework.remoting.rmi.RmiRegistryFactoryBean">
  <property name="port" value="1099"/>
  <property name="alwaysCreate" value="true"></property>
</bean>
 -->
</beans>
