<?xml version="1.0" encoding="UTF-8"?>
<beans xmlns="http://www.springframework.org/schema/beans"
	xmlns:xsi="http://www.w3.org/2001/XMLSchema-instance" xmlns:mvc="http://www.springframework.org/schema/mvc"
	xmlns:tx="http://www.springframework.org/schema/tx" xmlns:aop="http://www.springframework.org/schema/aop"
	xmlns:context="http://www.springframework.org/schema/context"
	xmlns:cache="http://www.springframework.org/schema/cache"
	
	xsi:schemaLocation="
	        http://www.springframework.org/schema/mvc http://www.springframework.org/schema/mvc/spring-mvc-3.2.xsd
	        http://www.springframework.org/schema/beans http://www.springframework.org/schema/beans/spring-beans-3.2.xsd
	        http://www.springframework.org/schema/context http://www.springframework.org/schema/context/spring-context-3.2.xsd
	        http://www.springframework.org/schema/tx http://www.springframework.org/schema/tx/spring-tx-3.2.xsd
			http://www.springframework.org/schema/aop http://www.springframework.org/schema/aop/spring-aop-3.2.xsd
			http://www.springframework.org/schema/cache http://www.springframework.org/schema/cache/spring-cache.xsd">

	<context:annotation-config />
	
	<cache:annotation-driven />
	
	<mvc:annotation-driven
		content-negotiation-manager="contentNegotiationManager">
	</mvc:annotation-driven>

	<context:component-scan base-package="cn.com.bpsc.aqzs" />
	<context:component-scan base-package="cn.com.bpsc.ufp" />
	<context:component-scan base-package="cn.com.bpsc.demo" />
	
	<aop:aspectj-autoproxy proxy-target-class="true" />
	
<!-- 
	<mvc:interceptors>
		<bean class="cn.com.bpsc.ufp.auth.interceptor.AuthServiceInterceptor">
		</bean>
		<bean class="cn.com.bpsc.ufp.auth.interceptor.FuncAuthInterceptor" >
			<property name="excludeRolelList">
					<list>
						<value>superadmin</value>
					</list>
			</property>
			<property name="excludeUrlList">
						<list> 
								<value>/login/login.htm</value>
								<value>/menu/all.htm</value>
						</list>
				</property>
		</bean>
		<bean class="cn.com.bpsc.ufp.bpm.interceptor.BpmParamInterceptor" />
		
		<bean class="cn.com.bpsc.ufp.sys.interceptor.PageInterceptorServiceImpl" />
		 
	</mvc:interceptors>
	 -->
	<!--

 	<bean id="conversionService" class="org.springframework.format.support.FormattingConversionServiceFactoryBean">
		<property name="converters">
			<list>
				<bean class="cn.com.bpsc.ufp.web.springmvc.DateConvertor" />
			</list>
		</property>
	</bean>

	-->
	<bean id="contentNegotiationManager" class="org.springframework.web.accept.ContentNegotiationManagerFactoryBean">
		<property name="favorPathExtension" value="false" />
	</bean>

	<bean
		class="org.springframework.web.servlet.view.InternalResourceViewResolver">
		<property name="prefix" value="/WEB-INF/jsp/" />
		<property name="suffix" value=".jsp" />
	</bean>
</beans>
